job_index,Well,Tipe Acid,Sandstone,Siltstone,Claystone,Shale,Coal,Limestone,IPR Vogel sebelum pengasaman (BFPD),Vogel Setelah Pengasaman BFPD,Layer Target,Batas Reservoar,Interval(ft),gain,well_norm,computed_delta_bfpd,computed_gain_ratio,gain_abs_delta_from_source,response_class,lithology_sum,iqr_training_scope,clr_sandstone,clr_siltstone,clr_claystone,clr_shale,clr_coal,clr_limestone,before_bfpd_per_ft,log1p_before_bfpd,log1p_interval_ft,reservoir_top,reservoir_bottom,reservoir_midpoint,reservoir_gross_span,reservoir_net_span,reservoir_gap_span,reservoir_segment_count,reservoir_continuity_ratio,interval_net_discrepancy,sand_fraction,fines_fraction,carbonate_fraction,coal_fraction,sand_to_fines_ratio,carbonate_to_clastic_ratio,clean_sand_index,lithology_entropy,lithology_nonzero_count,dominant_lithology,before_bfpd_per_net_span,before_bfpd_per_gross_span,well_area,layer_family,hcl_concentration_pct,hf_concentration_pct,mud_acid_flag,mud_acid_x_sand,mud_acid_x_fines,hcl_x_carbonate,hf_x_silicate,las_depth_coverage,las_sample_count,las_gamma_median,las_gamma_iqr,las_porosity_median,las_porosity_iqr,las_density_median,las_log_resistivity_median,las_sonic_median,las_water_saturation_median,las_clay_volume_median,las_log_permeability_median,las_available_signal_count,las_hydrocarbon_pore_proxy,las_quality_proxy,las_kh_proxy,las_clay_lithology_difference,split
1,BEL-012,Mud Acidizing 12% HCl : 3% HF,70,0,0,30,0,0,510,902,Lay. S (1516.3-1519.5  & 1521-1523) mMD,1516.3-1523,6.7,0.768627451,BEL-012,392,0.7686274509803922,1.9607759860207352e-11,low_gain,100,kept,3.438820931286255,-1.5099389590919134,-1.5099389590919134,2.600934905081398,-1.5099389590919134,-1.5099389590919134,76.11940298507463,6.236369590203704,2.0412203288596382,1516.3,1523.0,1519.65,6.7000000000000455,6.7000000000000455,0.0,1.0,1.0,4.529709940470639e-14,0.7,0.3,0.0,0.0,2.290322580645161,0.009900990099009901,0.39999999999999997,0.6108643020548935,2.0,Sandstone,76.1194029850741,76.1194029850741,BEL,S,12.0,3.0,1.0,0.7,0.3,0.0,3.0,6.553200000000061,44.0,,,0.13990000000000002,0.04139999999999999,,,,0.52005,,5.73457329199694,3.0,0.06714500500000001,0.385047952364001,38.421641056379755,,train
2,LMC-041A,Matrix Acidizing 15% HCl,75,0,0,21,4,0,38,92,Lay. X0 (1641-1644) & 1656-1667.89) mMD,1641-1644; 1656-1667.89,14.89,1.421052632,LMC-041A,54,1.4210526315789473,4.210527482229054e-10,high_gain,100,kept,3.1879957485074737,-1.829284088307451,-1.829284088307451,1.9319160273861116,0.3679404890287685,-1.829284088307451,2.552048354600403,3.6635616461296463,2.7656899805486246,1641.0,1667.89,1654.4450000000002,26.8900000000001,14.8900000000001,12.0,2.0,0.553737448865751,9.947598300641403e-14,0.75,0.21,0.0,0.04,3.4545454545454546,0.010309278350515464,0.54,0.6722526144691441,3.0,Sandstone,2.5520483546003856,1.413164745258455,LMC,X,15.0,0.0,0.0,0.0,0.0,0.0,0.0,,,,,,,,,,,,,,,,,,validation
3,L5A-260,Mud Acidizing 12% HCl : 3% HF,33,0,0,62,5,0,136,261,Lay. R5 (1593-1595) m,1593-1595;,2.0,0.919117647,L5A-260,125,0.9191176470588235,5.882350162522698e-11,high_gain,100,kept,2.2995423478090267,-1.90515027158194,-1.90515027158194,2.923163465720361,0.4927450012164307,-1.90515027158194,68.0,4.919980925828125,1.0986122886681098,1593.0,1595.0,1594.0,2.0,2.0,0.0,1.0,1.0,0.0,0.33,0.62,0.0,0.05,0.5396825396825398,0.010416666666666668,-0.29,0.812027476354491,3.0,Shale,68.0,68.0,L5A,R,12.0,3.0,1.0,0.33,0.62,0.0,2.8499999999999996,,,,,,,,,,,,,,,,,,train
5,BEL-042,Mud Acidizing 12% HCl : 3% HF,41,0,0,42,17,0,174,361,Lay. S (1606-1609) mMD,1606-1609;,3.0,1.074712644,BEL-042,187,1.0747126436781609,3.2183922193951275e-10,high_gain,100,kept,2.3493672868338766,-2.069473320962721,-2.069473320962721,2.3731779355275955,1.4858747405266928,-2.069473320962721,58.0,5.1647859739235145,1.3862943611198906,1606.0,1609.0,1607.5,3.0,3.0,0.0,1.0,1.0,0.0,0.41,0.42,0.0,0.17,0.9767441860465116,0.011904761904761906,-0.010000000000000009,1.0311381304707536,3.0,Shale,58.0,58.0,BEL,S,12.0,3.0,1.0,0.41,0.42,0.0,2.4899999999999998,2.743199999999888,19.0,,,0.2121,0.018525000000000014,,,,0.5125,0.1029,6.312797764886391,4.0,0.10339875000000001,0.6527353978920468,18.938393294659175,0.3171,train
6,BEL-039,Matrix Acidizing 15% HCl,22,0,49,0,0,29,121,360,Lay. R5 (1486-1489.5) mMD,1486-1496.5,10.5,1.975206612,BEL-039,239,1.975206611570248,4.2975201175465827e-10,high_gain,100,kept,1.7267758591352151,-2.0798866306351047,2.5152332194994855,-2.0798866306351047,-2.0798866306351047,1.9976508132706148,11.523809523809524,4.804021044733257,2.4423470353692043,1486.0,1496.5,1491.25,10.5,10.5,0.0,1.0,1.0,0.0,0.22,0.49,0.29,0.0,0.46,0.4166666666666667,-0.27,1.0416331094789772,3.0,Claystone,11.523809523809524,11.523809523809524,BEL,R,15.0,0.0,0.0,0.0,0.0,4.35,0.0,10.363200000000006,69.0,,,0.051,0.0266,,,,1.0,0.8679,0.0,4.0,0.0,0.0,0.0,0.3779,train
7,L5A-301,Matrix Acidizing 15% HCl,55,0,0,45,0,0,450,988,Lay. R5 & S (1646-1649.5) mMD,1646-1649.5,3.5,1.195555556,L5A-301,538,1.1955555555555555,4.4444448121794267e-10,high_gain,100,kept,3.172798583340803,-1.5367316179715313,-1.5367316179715313,2.974127888545319,-1.5367316179715313,-1.5367316179715313,128.57142857142858,6.111467339502679,1.5040773967762742,1646.0,1649.5,1647.75,3.5,3.5,0.0,1.0,1.0,0.0,0.55,0.45,0.0,0.0,1.2173913043478262,0.009900990099009901,0.10000000000000003,0.6881388137135884,2.0,Sandstone,128.57142857142858,128.57142857142858,L5A,MULTI,15.0,0.0,0.0,0.0,0.0,0.0,0.0,3.3527999999998883,23.0,55.7976,24.179849999999995,0.1384,0.07649999999999998,2.3132,,,,,,3.0,,,,,train
9,L5A-225,Matrix Acidizing 15% HCl,35,0,0,55,0,10,436,799,Lay. R36 (1325-1328) & R37 (1330.5-1333) mMD,1325-1333,8.0,0.832568807,L5A-225,363,0.8325688073394495,3.394494685338145e-10,high_gain,100,kept,2.259891124361803,-2.0027887526795123,-2.0027887526795123,2.706741448632822,-2.0027887526795123,1.0417336850439107,54.5,6.07993319509559,2.1972245773362196,1325.0,1333.0,1329.0,8.0,8.0,0.0,1.0,1.0,0.0,0.35,0.55,0.1,0.0,0.6428571428571428,0.12087912087912088,-0.20000000000000007,0.926506603289533,3.0,Shale,54.5,54.5,L5A,R,15.0,0.0,0.0,0.0,0.0,1.5,0.0,8.0,81.0,62.589,71.555,,,,,,,,,1.0,,,,,train
10,L5A-206,Mud Acidizing 12% HCl : 3% HF,50,0,0,50,0,0,110,632,Lay. W1 (1546.5-1550); W3 (1554.5-1556.5); W42 (1571.5-1574.5) mMD,1546-1574.5,28.5,4.745454545,L5A-206,522,4.745454545454545,4.545448462067725e-10,high_gain,100,kept,3.076747011227506,-1.5383735056137535,-1.5383735056137535,3.076747011227506,-1.5383735056137535,-1.5383735056137535,3.8596491228070176,4.709530201312334,3.3843902633457743,1546.0,1574.5,1560.25,28.5,28.5,0.0,1.0,1.0,0.0,0.5,0.5,0.0,0.0,1.0,0.009900990099009901,0.0,0.6931471805599453,2.0,Sandstone,3.8596491228070176,3.8596491228070176,L5A,W,12.0,3.0,1.0,0.5,0.5,0.0,3.0,,,,,,,,,,,,,,,,,,train
11,L5A-260,Matrix Acidizing 15% HCl,33,0,0,62,5,0,392,439,Lay. R5 (1593-1595) m,1593-1595;,2.0,0.119897959,L5A-260,47,0.11989795918367346,1.8367346532599527e-10,low_gain,100,kept,2.2995423478090267,-1.90515027158194,-1.90515027158194,2.923163465720361,0.4927450012164307,-1.90515027158194,196.0,5.973809611869261,1.0986122886681098,1593.0,1595.0,1594.0,2.0,2.0,0.0,1.0,1.0,0.0,0.33,0.62,0.0,0.05,0.5396825396825398,0.010416666666666668,-0.29,0.812027476354491,3.0,Shale,196.0,196.0,L5A,R,15.0,0.0,0.0,0.0,0.0,0.0,0.0,,,,,,,,,,,,,,,,,,train
12,L5A-281,Matrix Acidizing 15% HCl,100,0,0,0,0,0,2564,3275,Lay. X2 (1835-1994) m,1835-1994;,159.0,0.277301092,L5A-281,711,0.27730109204368175,4.3681724903876784e-11,low_gain,100,kept,4.419420756715896,-0.8838841513431799,-0.8838841513431799,-0.8838841513431799,-0.8838841513431799,-0.8838841513431799,16.12578616352201,7.84971375760487,5.075173815233827,1835.0,1994.0,1914.5,159.0,159.0,0.0,1.0,1.0,0.0,1.0,0.0,0.0,0.0,101.0,0.009900990099009901,1.0,-0.0,1.0,Sandstone,16.12578616352201,16.12578616352201,L5A,X,15.0,0.0,0.0,0.0,0.0,0.0,0.0,,,,,,,,,,,,,,,,,,train
13,BEL-049,Matrix Acidizing 15% HCl,31,0,0,69,0,0,788,1025,Lay. R7 (1861-1863) & R8 (1868.5-1872.5) m,1861-1865; 1868.5-1872.5,8.0,0.300761421,BEL-049,237,0.30076142131979694,3.197969666857148e-10,low_gain,100,kept,2.6301999498044957,-1.5129347765870373,-1.5129347765870373,3.4215391565436546,-1.5129347765870373,-1.5129347765870373,98.5,6.670766320845874,2.1972245773362196,1861.0,1872.5,1866.75,11.5,8.0,3.5,2.0,0.6956521739130435,0.0,0.31,0.69,0.0,0.0,0.4571428571428572,0.009900990099009901,-0.37999999999999995,0.6191006644255871,2.0,Shale,98.5,68.52173913043478,BEL,R,15.0,0.0,0.0,0.0,0.0,0.0,0.0,11.430000000000064,53.0,,,0.1,0.054800000000000015,,,,1.0,0.3178,0.03052920503482287,4.0,0.0,0.0,0.24423364027858296,0.3721999999999999,train
15,BEL-002,Matrix Acidizing 15% HCl,60,0,0,40,0,0,44,152,Lay. R5 (1470.5-1473); R53 (1495.5-1497.5); R8 (1506.5-1508) mMD,1470.5-1473; 1495.5-1497.5; 1506-1508,6.5,2.454545455,BEL-002,108,2.4545454545454546,4.5454529029598234e-10,high_gain,100,kept,3.2640839288852117,-1.5317066167115296,-1.5317066167115296,2.8627425379609095,-1.5317066167115296,-1.5317066167115296,6.769230769230769,3.8066624897703196,2.0149030205422647,1470.5,1508.0,1489.25,37.5,6.5,31.0,3.0,0.17333333333333334,0.0,0.6,0.4,0.0,0.0,1.4878048780487803,0.009900990099009901,0.19999999999999996,0.6730116670092565,2.0,Sandstone,6.769230769230769,1.1733333333333333,BEL,R,15.0,0.0,0.0,0.0,0.0,0.0,0.0,37.337999999999965,43.0,,,0.0337,0.09785,,,,1.0,,0.029170377299779858,3.0,0.0,0.0,0.18960745244856908,,test
16,KRG-012,Matrix Acidizing 15% HCl,0,0,0,60,0,40,61,69,Lay. A3 (1310-1316) mMD,1310-1316;,6.0,0.131147541,KRG-012,8,0.13114754098360656,1.63934421593126e-11,low_gain,100,kept,-1.5317066167115296,-1.5317066167115296,-1.5317066167115296,3.2640839288852117,-1.5317066167115296,2.8627425379609095,10.166666666666666,4.127134385045092,1.9459101490553132,1310.0,1316.0,1313.0,6.0,6.0,0.0,1.0,1.0,0.0,0.0,0.6,0.4,0.0,0.01639344262295082,0.6721311475409837,-0.6,0.6730116670092565,2.0,Shale,10.166666666666666,10.166666666666666,KRG,A,15.0,0.0,0.0,0.0,0.0,6.0,0.0,,,,,,,,,,,,,,,,,,test
18,L5A-218,Matrix Acidizing 15% HCl,74,9,0,17,0,0,497,1662,Lay. X3 (1535-1538); Y1 (1562-1565); Y3 (1572.5-1574.5) mMD,1535-1538; 1562-1574.5,15.5,2.344064386,L5A-218,1165,2.3440643863179074,3.179074781201052e-10,high_gain,100,kept,3.08665741484524,1.0271500880662217,-1.917288891100219,1.638059170389195,-1.917288891100219,-1.917288891100219,32.064516129032256,6.210600077024653,2.803360380906535,1535.0,1574.5,1554.75,39.5,15.5,24.0,2.0,0.3924050632911392,0.0,0.74,0.26,0.0,0.0,2.7777777777777777,0.009900990099009901,0.48,0.7407655365671892,3.0,Sandstone,32.064516129032256,12.582278481012658,L5A,MULTI,15.0,0.0,0.0,0.0,0.0,0.0,0.0,,,,,,,,,,,,,,,,,,train
19,BEL-033A,Matrix Acidizing 15% HCl,39,8,0,35,0,18,699,872,Lay. R7 (1461-1464); R8 (1470-1472); R9 (1474-1478) mMD,1461-1478,17.0,0.247496423,BEL-033A,173,0.2474964234620887,4.6208870063679797e-10,low_gain,100,kept,1.8567380214322253,0.32050351302142,-2.512709831034796,1.7499700460065195,-2.512709831034796,1.0982080816094284,41.11764705882353,6.551080335043404,2.8903717578961645,1461.0,1478.0,1469.5,17.0,17.0,0.0,1.0,1.0,0.0,0.39,0.43,0.18,0.0,0.9090909090909092,0.2289156626506024,-0.03999999999999998,1.245387082720538,4.0,Sandstone,41.11764705882353,41.11764705882353,BEL,R,15.0,0.0,0.0,0.0,0.0,2.6999999999999997,0.0,16.916400000000067,112.0,,,0.07905000000000001,0.036925,,,,0.74675,0.3832,0.5496207653269203,4.0,0.0200194125,0.011003084819645315,9.343553010557645,0.04680000000000001,train
20,L5A-158 ,Matrix Acidizing 15% HCl,65,0,0,0,0,35,25,74,Lay. T (1578-1585.5) m,1578-1585.5,7.5,1.96,L5A-158,49,1.96,0.0,high_gain,100,kept,3.352217789827407,-1.5229795333737446,-1.5229795333737446,-1.5229795333737446,-1.5229795333737446,2.739700343667571,3.3333333333333335,3.258096538021482,2.1400661634962708,1578.0,1585.5,1581.75,7.5,7.5,0.0,1.0,1.0,0.0,0.65,0.0,0.35,0.0,66.0,0.5454545454545454,0.65,0.6474466390346325,2.0,Sandstone,3.3333333333333335,3.3333333333333335,L5A,T,15.0,0.0,0.0,0.0,0.0,5.25,0.0,5.943599999999833,40.0,40.50475,7.821574999999996,,,,,,,,,1.0,,,,,train
21,L5A-206,Matrix Acidizing 15% HCl,50,0,0,50,0,0,326,366,Lay. W1 (1546.5-1550); W3 (1554.5-1556.5); W42 (1571.5-1574.5) mMD,1546-1574.5,28.5,0.122699387,L5A-206,40,0.12269938650306748,4.96932509030934e-10,low_gain,100,kept,3.076747011227506,-1.5383735056137535,-1.5383735056137535,3.076747011227506,-1.5383735056137535,-1.5383735056137535,11.43859649122807,5.7899601708972535,3.3843902633457743,1546.0,1574.5,1560.25,28.5,28.5,0.0,1.0,1.0,0.0,0.5,0.5,0.0,0.0,1.0,0.009900990099009901,0.0,0.6931471805599453,2.0,Sandstone,11.43859649122807,11.43859649122807,L5A,W,15.0,0.0,0.0,0.0,0.0,0.0,0.0,,,,,,,,,,,,,,,,,,train
22,L5A-225,Matrix Acidizing 15% HCl,43,0,0,36,0,21,161,459,Lay. R36 (1325-1328) & R37 (1330.5-1333) mMD,1325-1333,8.0,1.850931677,L5A-225,298,1.8509316770186335,1.8633539156098777e-11,high_gain,100,kept,2.37964683940516,-2.0862612792494235,-2.0862612792494235,2.204198161898968,-2.0862612792494235,1.674938836444139,20.125,5.087596335232384,2.1972245773362196,1325.0,1333.0,1329.0,8.0,8.0,0.0,1.0,1.0,0.0,0.43,0.36,0.21,0.0,1.1891891891891893,0.27499999999999997,0.07,1.058437606473741,3.0,Sandstone,20.125,20.125,L5A,R,15.0,0.0,0.0,0.0,0.0,3.15,0.0,8.0,81.0,62.589,71.555,,,,,,,,,1.0,,,,,train
23,BEL-034,Matrix Acidizing 15% HCl,40,0,0,60,0,0,95,317,Lay. S (1532-1535) m,1532-1535;,3.0,2.336842105,BEL-034,222,2.336842105263158,2.6315793988374026e-10,high_gain,100,kept,2.8627425379609095,-1.5317066167115296,-1.5317066167115296,3.2640839288852117,-1.5317066167115296,-1.5317066167115296,31.666666666666668,4.564348191467836,1.3862943611198906,1532.0,1535.0,1533.5,3.0,3.0,0.0,1.0,1.0,0.0,0.4,0.6,0.0,0.0,0.6721311475409837,0.009900990099009901,-0.19999999999999996,0.6730116670092565,2.0,Shale,31.666666666666668,31.666666666666668,BEL,S,15.0,0.0,0.0,0.0,0.0,0.0,0.0,2.895599999999831,20.0,,,0.10767499999999999,0.024437499999999987,,,,0.6150500000000001,0.1532,2.5811976448569665,4.0,0.041449491249999984,0.1069893291950194,7.743592934570899,0.4468,validation
24,L5A-145,Matrix Acidizing 15% HCl,56,0,0,0,0,44,50,165,Lay. R32 (1457-1460) m,1457-1460;,3.0,2.3,L5A-145,115,2.3,0.0,high_gain,100,kept,3.1913837873049276,-1.5360040314074133,-1.5360040314074133,-1.5360040314074133,-1.5360040314074133,2.952632338324727,16.666666666666668,3.9318256327243257,1.3862943611198906,1457.0,1460.0,1458.5,3.0,3.0,0.0,1.0,1.0,0.0,0.56,0.0,0.44,0.0,57.00000000000001,0.7894736842105262,0.56,0.6859298002523728,2.0,Sandstone,16.666666666666668,16.666666666666668,L5A,R,15.0,0.0,0.0,0.0,0.0,6.6,0.0,3.0,31.0,,,,,,,,,,,0.0,,,,,train
25,LMC-033,Matrix Acidizing 15% HCl,41,0,0,39,20,0,1386,1546,Lay. W3 (1586-1592) m,1586-1592;,6.0,0.115440115,LMC-033,160,0.11544011544011544,4.40115444089173e-10,low_gain,100,kept,2.335197186635277,-2.0836434211613213,-2.0836434211613213,2.2858044313057,1.6299286455429867,-2.0836434211613213,231.0,7.234898420314831,1.9459101490553132,1586.0,1592.0,1589.0,6.0,6.0,0.0,1.0,1.0,0.0,0.41,0.39,0.0,0.2,1.0499999999999998,0.012345679012345678,0.019999999999999962,1.054670141937965,3.0,Sandstone,231.0,231.0,LMC,W,15.0,0.0,0.0,0.0,0.0,0.0,0.0,,,,,,,,,,,,,,,,,,validation
26,BEL-033A,Matrix Acidizing 15% HCl,39,8,0,35,0,18,223,923,Lay. R7 (1461-1464); R8 (1470-1472); R9 (1474-1478) mMD,1461-1478,17.0,3.139013453,BEL-033A,700,3.1390134529147984,8.520162353420346e-11,high_gain,100,kept,1.8567380214322253,0.32050351302142,-2.512709831034796,1.7499700460065195,-2.512709831034796,1.0982080816094284,13.117647058823529,5.4116460518550396,2.8903717578961645,1461.0,1478.0,1469.5,17.0,17.0,0.0,1.0,1.0,0.0,0.39,0.43,0.18,0.0,0.9090909090909092,0.2289156626506024,-0.03999999999999998,1.245387082720538,4.0,Sandstone,13.117647058823529,13.117647058823529,BEL,R,15.0,0.0,0.0,0.0,0.0,2.6999999999999997,0.0,16.916400000000067,112.0,,,0.07905000000000001,0.036925,,,,0.74675,0.3832,0.5496207653269203,4.0,0.0200194125,0.011003084819645315,9.343553010557645,0.04680000000000001,train
27,BEL-034,Matrix Acidizing 15% HCl,40,0,0,60,0,0,90,216,Lay. S (1532-1535) m,1532-1535;,3.0,1.4,BEL-034,126,1.4,0.0,high_gain,100,kept,2.8627425379609095,-1.5317066167115296,-1.5317066167115296,3.2640839288852117,-1.5317066167115296,-1.5317066167115296,30.0,4.51085950651685,1.3862943611198906,1532.0,1535.0,1533.5,3.0,3.0,0.0,1.0,1.0,0.0,0.4,0.6,0.0,0.0,0.6721311475409837,0.009900990099009901,-0.19999999999999996,0.6730116670092565,2.0,Shale,30.0,30.0,BEL,S,15.0,0.0,0.0,0.0,0.0,0.0,0.0,2.895599999999831,20.0,,,0.10767499999999999,0.024437499999999987,,,,0.6150500000000001,0.1532,2.5811976448569665,4.0,0.041449491249999984,0.1069893291950194,7.743592934570899,0.4468,validation
28,BEL-031,Matrix Acidizing 15% HCl,30,25,0,30,0,15,179,212,Lay. R3 (1421.5-1424); R5 (1449-1451.5); R7 (1476-1478.5); R8 (1479.5-1481.5); R9 (1483.5-1486) m,1421.5-1424;1449-1451.5;1476-1486,15.0,0.184357542,BEL-031,33,0.18435754189944134,1.0055867250002848e-10,low_gain,100,kept,1.5129471032472952,1.3338988717983098,-2.597926760926016,1.5129471032472952,-2.597926760926016,0.8360604435591301,11.933333333333334,5.19295685089021,2.772588722239781,1421.5,1486.0,1453.75,64.5,15.0,49.5,3.0,0.23255813953488372,0.0,0.3,0.55,0.15,0.0,0.5535714285714285,0.18604651162790695,-0.25000000000000006,1.3535252706084164,4.0,Sandstone,11.933333333333334,2.7751937984496124,BEL,R,15.0,0.0,0.0,0.0,0.0,2.25,0.0,64.31280000000015,97.0,,,0.04725,0.07915,,,,1.0,0.4213,0.009950330853168083,4.0,0.0,0.0,0.14925496279752126,0.12870000000000004,train
29,BEL-042,Mud Acidizing 12% HCl : 3% HF,41,0,0,42,17,0,90,337,Lay. S (1606-1609) mMD,1606-1609;,3.0,2.744444444,BEL-042,247,2.7444444444444445,4.4444448121794267e-10,high_gain,100,kept,2.3493672868338766,-2.069473320962721,-2.069473320962721,2.3731779355275955,1.4858747405266928,-2.069473320962721,30.0,4.51085950651685,1.3862943611198906,1606.0,1609.0,1607.5,3.0,3.0,0.0,1.0,1.0,0.0,0.41,0.42,0.0,0.17,0.9767441860465116,0.011904761904761906,-0.010000000000000009,1.0311381304707536,3.0,Shale,30.0,30.0,BEL,S,12.0,3.0,1.0,0.41,0.42,0.0,2.4899999999999998,2.743199999999888,19.0,,,0.2121,0.018525000000000014,,,,0.5125,0.1029,6.312797764886391,4.0,0.10339875000000001,0.6527353978920468,18.938393294659175,0.3171,train
31,BEL-039,Matrix Acidizing 15% HCl,0,0,50,0,0,50,494,679,Lay. R5 (1486-1489.5) mMD,1486-1496.5,10.5,0.374493927,BEL-039,185,0.37449392712550605,1.2550604999717052e-10,low_gain,100,kept,-1.5383735056137535,-1.5383735056137535,3.076747011227506,-1.5383735056137535,-1.5383735056137535,3.076747011227506,47.04761904761905,6.20455776256869,2.4423470353692043,1486.0,1496.5,1491.25,10.5,10.5,0.0,1.0,1.0,0.0,0.0,0.5,0.5,0.0,0.0196078431372549,1.0,-0.5,0.6931471805599453,2.0,Claystone,47.04761904761905,47.04761904761905,BEL,R,15.0,0.0,0.0,0.0,0.0,7.5,0.0,10.363200000000006,69.0,,,0.051,0.0266,,,,1.0,0.8679,0.0,4.0,0.0,0.0,0.0,0.3679,train
33,BEL-031,Matrix Acidizing 15% HCl,30,25,0,30,0,15,363,498,Lay. R3 (1421.5-1424); R5 (1449-1451.5); R7 (1476-1478.5); R8 (1479.5-1481.5); R9 (1483.5-1486) m,1421.5-1424;1449-1451.5;1476-1486,15.0,0.371900826,BEL-031,135,0.371900826446281,4.4628095663412637e-10,low_gain,100,kept,1.5129471032472952,1.3338988717983098,-2.597926760926016,1.5129471032472952,-2.597926760926016,0.8360604435591301,24.2,5.8971538676367405,2.772588722239781,1421.5,1486.0,1453.75,64.5,15.0,49.5,3.0,0.23255813953488372,0.0,0.3,0.55,0.15,0.0,0.5535714285714285,0.18604651162790695,-0.25000000000000006,1.3535252706084164,4.0,Sandstone,24.2,5.627906976744186,BEL,R,15.0,0.0,0.0,0.0,0.0,2.25,0.0,64.31280000000015,97.0,,,0.04725,0.07915,,,,1.0,0.4213,0.009950330853168083,4.0,0.0,0.0,0.14925496279752126,0.12870000000000004,train
35,BEL-034,Matrix Acidizing 15% HCl,40,0,0,60,0,0,207,489,Lay. S (1532-1535) m,1532-1535;,3.0,1.362318841,BEL-034,282,1.3623188405797102,4.20289802960383e-10,high_gain,100,kept,2.8627425379609095,-1.5317066167115296,-1.5317066167115296,3.2640839288852117,-1.5317066167115296,-1.5317066167115296,69.0,5.337538079701318,1.3862943611198906,1532.0,1535.0,1533.5,3.0,3.0,0.0,1.0,1.0,0.0,0.4,0.6,0.0,0.0,0.6721311475409837,0.009900990099009901,-0.19999999999999996,0.6730116670092565,2.0,Shale,69.0,69.0,BEL,S,15.0,0.0,0.0,0.0,0.0,0.0,0.0,2.895599999999831,20.0,,,0.10767499999999999,0.024437499999999987,,,,0.6150500000000001,0.1532,2.5811976448569665,4.0,0.041449491249999984,0.1069893291950194,7.743592934570899,0.4468,validation
36,L5A-277,Matrix Acidizing 15% HCl,60,0,0,23,17,0,1859,2708,Lay. R5 (1583-1586) m,1583-1586;,3.0,0.456697149,L5A-277,849,0.4566971490048413,4.841294032331689e-12,low_gain,100,kept,2.7622428441307054,-2.033547701466036,-2.033547701466036,1.816599900244023,1.521800360023378,-2.033547701466036,619.6666666666666,7.528331766707247,1.3862943611198906,1583.0,1586.0,1584.5,3.0,3.0,0.0,1.0,1.0,0.0,0.6,0.23,0.0,0.17,2.5416666666666665,0.011904761904761906,0.37,0.9457535105015699,3.0,Sandstone,619.6666666666666,619.6666666666666,L5A,R,15.0,0.0,0.0,0.0,0.0,0.0,0.0,,,,,,,,,,,,,,,,,,train
37,KRG-009,Matrix Acidizing 15% HCl,0,0,0,20,0,80,29,88,Lay. A3 (1270-1275.5) mMD,1270-1275.5,5.5,2.034482759,KRG-009,59,2.0344827586206895,3.7931036089844383e-10,high_gain,100,kept,-1.4658294052814624,-1.4658294052814624,-1.4658294052814624,2.2477426614228455,-1.4658294052814624,3.6155749597030007,5.2727272727272725,3.4011973816621555,1.8718021769015913,1270.0,1275.5,1272.75,5.5,5.5,0.0,1.0,1.0,0.0,0.0,0.2,0.8,0.0,0.047619047619047616,3.857142857142857,-0.2,0.5004024235381879,2.0,Limestone,5.2727272727272725,5.2727272727272725,KRG,A,15.0,0.0,0.0,0.0,0.0,12.0,0.0,,,,,,,,,,,,,,,,,,test
38,KRG-013,Matrix Acidizing 15% HCl,60,0,0,40,0,0,77,164,Lay. D1 (1369-1374) & D2 (1381-1385) m,1360-1374; 1391-1385,8.0,1.12987013,KRG-013,87,1.12987012987013,1.2987011466236709e-10,high_gain,100,kept,3.2640839288852117,-1.5317066167115296,-1.5317066167115296,2.8627425379609095,-1.5317066167115296,-1.5317066167115296,9.625,4.356708826689592,2.1972245773362196,1360.0,1391.0,1375.5,31.0,20.0,11.0,2.0,0.6451612903225806,12.0,0.6,0.4,0.0,0.0,1.4878048780487803,0.009900990099009901,0.19999999999999996,0.6730116670092565,2.0,Sandstone,3.85,2.4838709677419355,KRG,D,15.0,0.0,0.0,0.0,0.0,0.0,0.0,,,,,,,,,,,,,,,,,,train
39,KRG-019,Matrix Acidizing 15% HCl,60,0,0,40,0,0,41,120,Lay. TAF-E (1461-1464) mMD,1461-1464;,3.0,1.926829268,KRG-019,79,1.9268292682926829,2.926827669114118e-10,high_gain,100,kept,3.2640839288852117,-1.5317066167115296,-1.5317066167115296,2.8627425379609095,-1.5317066167115296,-1.5317066167115296,13.666666666666666,3.7376696182833684,1.3862943611198906,1461.0,1464.0,1462.5,3.0,3.0,0.0,1.0,1.0,0.0,0.6,0.4,0.0,0.0,1.4878048780487803,0.009900990099009901,0.19999999999999996,0.6730116670092565,2.0,Sandstone,13.666666666666666,13.666666666666666,KRG,MULTI,15.0,0.0,0.0,0.0,0.0,0.0,0.0,,,,,,,,,,,,,,,,,,train
40,KRG-023,Mud Acidizing 12% HCl : 3% HF,65,0,0,35,0,0,206,259,Lay. R36/37 (1510-1514) mMD,1510-1514,4.0,0.257281553,KRG-023,53,0.25728155339805825,3.98058253026079e-10,low_gain,100,kept,3.352217789827407,-1.5229795333737446,-1.5229795333737446,2.739700343667571,-1.5229795333737446,-1.5229795333737446,51.5,5.332718793265369,1.6094379124341003,1510.0,1514.0,1512.0,4.0,4.0,0.0,1.0,1.0,0.0,0.65,0.35,0.0,0.0,1.8333333333333335,0.009900990099009901,0.30000000000000004,0.6474466390346325,2.0,Sandstone,51.5,51.5,KRG,R,12.0,3.0,1.0,0.65,0.35,0.0,3.0,3.810000000000173,26.0,50.575095,12.083527499999995,,,,,,,,,1.0,,,,,train
41,L5A-290,Matrix Acidizing 15% HCl,82,18,0,0,0,0,613,1810,Lay. S (1680-1683) mMD,1680-1684;,4.0,1.95269168,L5A-290,1197,1.9526916802610115,2.6101143468793e-10,high_gain,100,kept,3.6531349094764467,2.1581073482200903,-1.452810564424134,-1.452810564424134,-1.452810564424134,-1.452810564424134,153.25,6.419994928147142,1.6094379124341003,1680.0,1684.0,1682.0,4.0,4.0,0.0,1.0,1.0,0.0,0.82,0.18,0.0,0.0,4.368421052631579,0.009900990099009901,0.6399999999999999,0.4713934868100942,2.0,Sandstone,153.25,153.25,L5A,S,15.0,0.0,0.0,0.0,0.0,0.0,0.0,3.8099999999999454,26.0,57.98525,6.410024999999997,0.18964999999999999,0.016100000000000003,2.3234,3.0434032950091545,83.85,,,,5.0,,,,,train
43,KRG-028,Mud Acidizing 12% HCl : 3% HF,30,0,0,65,5,0,474,501,Lay. S (1440-1442.5) mMD,1440-1442.5,2.5,0.056962025,KRG-028,27,0.056962025316455694,3.1645569498195414e-10,low_gain,100,kept,2.2135461208111726,-1.8973277433621387,-1.8973277433621387,2.977869579839013,0.500567529436232,-1.8973277433621387,189.6,6.163314804034641,1.252762968495368,1440.0,1442.5,1441.25,2.5,2.5,0.0,1.0,1.0,0.0,0.3,0.65,0.0,0.05,0.46969696969696967,0.010416666666666668,-0.35000000000000003,0.7909873504355756,3.0,Shale,189.6,189.6,KRG,S,12.0,3.0,1.0,0.3,0.65,0.0,2.8499999999999996,2.4384000000000015,17.0,54.67018,18.13172,,,,,,,,,1.0,,,,,train
46,L5A-216,Matrix Acidizing 15% HCl,0,0,0,10,0,90,1977,3233,Lay. R4 (1353.5-1355.5) m,1353.5-1355.5,2.0,0.635306019,L5A-216,1256,0.635306019221042,2.2104196251149233e-10,low_gain,100,kept,-1.373836578164875,-1.373836578164875,-1.373836578164875,1.670685859558548,-1.373836578164875,3.824660453100951,988.5,7.589841512182657,1.0986122886681098,1353.5,1355.5,1354.5,2.0,2.0,0.0,1.0,1.0,0.0,0.0,0.1,0.9,0.0,0.09090909090909091,8.272727272727273,-0.1,0.3250829733914482,2.0,Limestone,988.5,988.5,L5A,R,15.0,0.0,0.0,0.0,0.0,13.5,0.0,2.0,21.0,43.4665,36.539100000000005,0.0577,0.036699999999999997,2.2303,3.544688593543676,,,,,4.0,,,,,train
47,L5A-304,Matrix Acidizing 15% HCl,0,0,0,50,0,50,51,274,Lay. S (1599-1602) & T (1613-1617) mMD,1599-1602; 1613-1617,7.0,4.37254902,L5A-304,223,4.372549019607843,3.921574176501963e-10,high_gain,100,kept,-1.5383735056137535,-1.5383735056137535,-1.5383735056137535,3.076747011227506,-1.5383735056137535,3.076747011227506,7.285714285714286,3.9512437185814275,2.0794415416798357,1599.0,1617.0,1608.0,18.0,7.0,11.0,2.0,0.3888888888888889,0.0,0.0,0.5,0.5,0.0,0.0196078431372549,1.0,-0.5,0.6931471805599453,2.0,Shale,7.285714285714286,2.8333333333333335,L5A,MULTI,15.0,0.0,0.0,0.0,0.0,7.5,0.0,18.0,30.0,56.575900000000004,10.895425000000003,,,,,,,,,1.0,,,,,train
48,TMB-020,Matrix Acidizing 15% HCl,70,0,0,30,0,0,253,910,Lay. TAF A3 (1524-1529) mMD,1524-1529,5.0,2.596837945,TMB-020,657,2.5968379446640317,3.359681421954974e-10,high_gain,100,kept,3.438820931286255,-1.5099389590919134,-1.5099389590919134,2.600934905081398,-1.5099389590919134,-1.5099389590919134,50.6,5.537334267018537,1.791759469228055,1524.0,1529.0,1526.5,5.0,5.0,0.0,1.0,1.0,0.0,0.7,0.3,0.0,0.0,2.290322580645161,0.009900990099009901,0.39999999999999997,0.6108643020548935,2.0,Sandstone,50.6,50.6,TMB,MULTI,15.0,0.0,0.0,0.0,0.0,0.0,0.0,,,,,,,,,,,,,,,,,,validation
49,KRG-026,Matrix Acidizing 15% HCl,71,0,0,29,0,0,362,370,Lay. A3 (1276.5-1281) m,1276.5-1281,4.5,0.022099448,KRG-026,8,0.022099447513812154,4.861878469264447e-10,low_gain,100,kept,3.4561142845656367,-1.5067303456942707,-1.5067303456942707,2.570807098211449,-1.5067303456942707,-1.5067303456942707,80.44444444444444,5.8944028342648505,1.7047480922384253,1276.5,1281.0,1278.75,4.5,4.5,0.0,1.0,1.0,0.0,0.71,0.29,0.0,0.0,2.4,0.009900990099009901,0.42,0.60215168259268,2.0,Sandstone,80.44444444444444,80.44444444444444,KRG,A,15.0,0.0,0.0,0.0,0.0,0.0,0.0,4.419599999999946,30.0,93.78614,11.827197499999997,,,,,143.751655,,,,2.0,,,,,validation
51,TLJ-219,Matrix Acidizing 15% HCl,25,0,0,75,0,0,1242,1355,Lap. D (1227-1228 mMD); E (1233-1238.5 mMD),1227-1228; 1233-1238.5,6.5,0.090982287,TLJ-219,113,0.09098228663446055,3.6553944593453735e-10,low_gain,100,kept,2.440308054467784,-1.4915175782565417,-1.4915175782565417,3.525762258558383,-1.4915175782565417,-1.4915175782565417,191.07692307692307,7.1252830915107115,2.0149030205422647,1227.0,1238.5,1232.75,11.5,6.5,5.0,2.0,0.5652173913043478,0.0,0.25,0.75,0.0,0.0,0.34210526315789475,0.009900990099009901,-0.5,0.5623351446188083,2.0,Shale,191.07692307692307,108.0,TLJ,MULTI,15.0,0.0,0.0,0.0,0.0,0.0,0.0,11.5,67.0,,,,,,,,,,,0.0,,,,,train
52,TLJ-239,Matrix Acidizing 15% HCl,89,0,0,11,0,0,335,392,Lap. K2 (1388-1391 mMD) & L2 (1401.5-1405 mMD),1388-1391;1401.5-1405,6.5,0.170149254,TLJ-239,57,0.1701492537313433,2.6865670799125496e-10,low_gain,100,kept,3.80023913554577,-1.3871466702949848,-1.3871466702949848,1.7483475456341653,-1.3871466702949848,-1.3871466702949848,51.53846153846154,5.817111159963204,2.0149030205422647,1388.0,1405.0,1396.5,17.0,6.5,10.5,2.0,0.38235294117647056,0.0,0.89,0.11,0.0,0.0,7.500000000000001,0.009900990099009901,0.78,0.34651533691866615,2.0,Sandstone,51.53846153846154,19.705882352941178,TLJ,MULTI,15.0,0.0,0.0,0.0,0.0,0.0,0.0,,,,,,,,,,,,,,,,,,validation
53,TLJ-219,Matrix Acidizing 15% HCl,25,0,0,75,0,0,498,924,Lap. D (1227-1228 mMD); E (1233-1238.5 mMD),1227-1228; 1233-1238.5,6.5,0.855421687,TLJ-219,426,0.8554216867469879,2.530120557509008e-10,high_gain,100,kept,2.440308054467784,-1.4915175782565417,-1.4915175782565417,3.525762258558383,-1.4915175782565417,-1.4915175782565417,76.61538461538461,6.212606095751519,2.0149030205422647,1227.0,1238.5,1232.75,11.5,6.5,5.0,2.0,0.5652173913043478,0.0,0.25,0.75,0.0,0.0,0.34210526315789475,0.009900990099009901,-0.5,0.5623351446188083,2.0,Shale,76.61538461538461,43.30434782608695,TLJ,MULTI,15.0,0.0,0.0,0.0,0.0,0.0,0.0,11.5,67.0,,,,,,,,,,,0.0,,,,,train
54,OGN-036,Matrix Acidizing 15% HCl,25,0,0,75,0,0,1629,2654,Lap. A0 (1302-1304 mMD0 & A01 (1311-1312.5 mMD),1302-1304;1311-1312.5,3.5,0.629220381,OGN-036,1025,0.629220380601596,3.984039764759473e-10,low_gain,100,kept,2.440308054467784,-1.4915175782565417,-1.4915175782565417,3.525762258558383,-1.4915175782565417,-1.4915175782565417,465.42857142857144,7.396335293800808,1.5040773967762742,1302.0,1312.5,1307.25,10.5,3.5,7.0,2.0,0.3333333333333333,0.0,0.25,0.75,0.0,0.0,0.34210526315789475,0.009900990099009901,-0.5,0.5623351446188083,2.0,Shale,465.42857142857144,155.14285714285714,OGN,A,15.0,0.0,0.0,0.0,0.0,0.0,0.0,10.363200000000006,23.0,,,0.12901,0.06148500000000001,2.59141,,,,,,2.0,,,,,validation
55,GNK-080,Matrix Acidizing 15% HCl,65,0,0,30,5,0,3124,3237,Int. L2 (1874.5-1877 mMD),1874.5-1877,2.5,0.036171575,GNK-080,113,0.03617157490396927,9.603072503860943e-11,low_gain,100,kept,2.977869579839013,-1.8973277433621387,-1.8973277433621387,2.2135461208111726,0.500567529436232,-1.8973277433621387,1249.6,8.047189562170502,1.252762968495368,1874.5,1877.0,1875.75,2.5,2.5,0.0,1.0,1.0,0.0,0.65,0.3,0.0,0.05,2.1290322580645165,0.010416666666666668,0.35000000000000003,0.7909873504355756,3.0,Sandstone,1249.6,1249.6,GNK,L,15.0,0.0,0.0,0.0,0.0,0.0,0.0,2.4384000000000015,17.0,51.4427,5.239399999999996,0.2126,0.015000000000000013,2.342,,76.6006,,,,4.0,,,,,train
56,HBS-001,Mud Acidizing 12% HCl : 3% HF,50,0,0,50,0,0,383,681,Lap. TAF (1322-1327 mMD),1322-1327,5.0,0.778067885,HBS-001,298,0.7780678851174935,1.174934594061483e-10,high_gain,100,kept,3.076747011227506,-1.5383735056137535,-1.5383735056137535,3.076747011227506,-1.5383735056137535,-1.5383735056137535,76.6,5.950642552587727,1.791759469228055,1322.0,1327.0,1324.5,5.0,5.0,0.0,1.0,1.0,0.0,0.5,0.5,0.0,0.0,1.0,0.009900990099009901,0.0,0.6931471805599453,2.0,Sandstone,76.6,76.6,HBS,TAF,12.0,3.0,1.0,0.5,0.5,0.0,3.0,,,,,,,,,,,,,,,,,,validation
57,TLJ-244,Mud Acidizing 12% HCl : 3% HF,100,0,0,0,0,0,268,306,Lap. E (1483-1486 mMD),1483-1486,3.0,0.141791045,TLJ-244,38,0.1417910447761194,2.2388060849642955e-10,low_gain,100,kept,4.419420756715896,-0.8838841513431799,-0.8838841513431799,-0.8838841513431799,-0.8838841513431799,-0.8838841513431799,89.33333333333333,5.594711379601839,1.3862943611198906,1483.0,1486.0,1484.5,3.0,3.0,0.0,1.0,1.0,0.0,1.0,0.0,0.0,0.0,101.0,0.009900990099009901,1.0,-0.0,1.0,Sandstone,89.33333333333333,89.33333333333333,TLJ,E,12.0,3.0,1.0,1.0,0.0,0.0,3.0,2.8500000000001364,20.0,,,,,,,,,,,0.0,,,,,train
58,OGN-014,Matrix Acidizing 15% HCl,0,0,0,30,0,70,335,924,Int. A0 (1137.7-1138.8 m; 1140-1141.5 m) ,1137.7-1141.5,3.8,1.758208955,OGN-014,589,1.7582089552238807,2.238806917631564e-10,high_gain,100,kept,-1.509938959091913,-1.509938959091913,-1.509938959091913,2.6009349050813984,-1.509938959091913,3.4388209312862554,88.15789473684211,5.817111159963204,1.5686159179138452,1137.7,1141.5,1139.6,3.7999999999999545,3.7999999999999545,0.0,1.0,1.0,4.529709940470639e-14,0.0,0.3,0.7,0.0,0.03225806451612903,2.290322580645161,-0.3,0.6108643020548935,2.0,Limestone,88.15789473684316,88.15789473684316,OGN,A,15.0,0.0,0.0,0.0,0.0,10.5,0.0,3.657600000000002,25.0,41.5378,3.912400000000005,,,,,,,,,1.0,,,,,train
59,TLJ-211,Mud Acidizing 12% HCl : 3% HF,60,0,0,40,0,0,211,707,Lap. L1 (1356.5-1358.5 mMD),1356.5-1558.5,202.0,2.3507109,TLJ-211,496,2.3507109004739335,4.739333370196164e-10,high_gain,100,kept,3.2640839288852117,-1.5317066167115296,-1.5317066167115296,2.8627425379609095,-1.5317066167115296,-1.5317066167115296,1.0445544554455446,5.356586274672012,5.313205979041787,1356.5,1558.5,1457.5,202.0,202.0,0.0,1.0,1.0,0.0,0.6,0.4,0.0,0.0,1.4878048780487803,0.009900990099009901,0.19999999999999996,0.6730116670092565,2.0,Sandstone,1.0445544554455446,1.0445544554455446,TLJ,L,12.0,3.0,1.0,0.6,0.4,0.0,3.0,,,,,,,,,,,,,,,,,,train
60,TLJ-246,Matrix Acidizing 15% HCl,40,0,0,50,0,10,333,670,Lap. B (1402-1405 mMD) & D (1440-1442 mMD),1402-1405;1440-1442,5.0,1.012012012,TLJ-246,337,1.012012012012012,1.2011946992629419e-11,high_gain,100,kept,2.3854338031329183,-2.0090153515395204,-2.0090153515395204,2.6061051653017393,-2.0090153515395204,1.0355070861839026,66.6,5.811140992976701,1.791759469228055,1402.0,1442.0,1422.0,40.0,5.0,35.0,2.0,0.125,0.0,0.4,0.5,0.1,0.0,0.803921568627451,0.12087912087912088,-0.09999999999999998,0.9433483923290391,3.0,Shale,66.6,8.325,TLJ,MULTI,15.0,0.0,0.0,0.0,0.0,1.5,0.0,40.0,12.0,51.8035,6.293549999999996,,,,,,,,,1.0,,,,,train
61,TLJ-245,Matrix Acidizing 15% HCl,95,0,0,5,0,0,230,374,Lap. A (1503-1509 mMD) & (1509-1515 mMD),1503-1509;1509-1515,12.0,0.626086957,TLJ-245,144,0.6260869565217392,4.782608753473028e-10,low_gain,100,kept,3.9772453112391295,-1.2750281168075004,-1.2750281168075004,1.1228671559908703,-1.2750281168075004,-1.2750281168075004,19.166666666666668,5.442417710521793,2.5649493574615367,1503.0,1515.0,1509.0,12.0,12.0,0.0,2.0,1.0,0.0,0.95,0.05,0.0,0.0,15.999999999999998,0.009900990099009901,0.8999999999999999,0.1985152433458726,2.0,Sandstone,19.166666666666668,19.166666666666668,TLJ,A,15.0,0.0,0.0,0.0,0.0,0.0,0.0,,,,,,,,,,,,,,,,,,test
62,TMT-055,Mud Acidizing 12% HCl : 3% HF,65,0,0,35,0,0,280,594,Lay. B3 (1078-1084 m); B4 (1087-1088 m); (1094.5-1095.5 m); (1096.5-1097.5 m),1078-1097.5,19.5,1.121428571,TMT-055,314,1.1214285714285714,4.285714005902719e-10,high_gain,100,kept,3.352217789827407,-1.5229795333737446,-1.5229795333737446,2.739700343667571,-1.5229795333737446,-1.5229795333737446,14.35897435897436,5.638354669333745,3.0204248861443626,1078.0,1097.5,1087.75,19.5,19.5,0.0,1.0,1.0,0.0,0.65,0.35,0.0,0.0,1.8333333333333335,0.009900990099009901,0.30000000000000004,0.6474466390346325,2.0,Sandstone,14.35897435897436,14.35897435897436,TMT,B,12.0,3.0,1.0,0.65,0.35,0.0,3.0,19.35480000000007,128.0,104.70689999999999,36.30237500000001,0.2434,0.058599999999999985,2.44095,1.7304694885882874,44.8531,,,,5.0,,,,,test
63,LBK-012,Matrix Acidizing 15% HCl,0,0,0,0,0,100,48,56,Lap.  BRF )1390.5-1395 mMD),1390.5-1395,4.5,0.166666667,LBK-012,8,0.16666666666666666,3.333333331578814e-10,low_gain,100,kept,-0.8838841513431799,-0.8838841513431799,-0.8838841513431799,-0.8838841513431799,-0.8838841513431799,4.419420756715896,10.666666666666666,3.8918202981106265,1.7047480922384253,1390.5,1395.0,1392.75,4.5,4.5,0.0,1.0,1.0,0.0,0.0,0.0,1.0,0.0,1.0,101.0,0.0,-0.0,1.0,Limestone,10.666666666666666,10.666666666666666,LBK,BRF,15.0,0.0,0.0,0.0,0.0,15.0,0.0,4.2672000000000025,29.0,11.0482,4.2956,,,,,,,,,1.0,,,,,test
64,LBK-013,Matrix Acidizing 15% HCl,0,0,0,0,0,100,554,613,Lap. BRF (1394-1399 mMD),1394-1399,5.0,0.106498195,LBK-013,59,0.10649819494584838,5.415162762645309e-11,low_gain,100,kept,-0.8838841513431799,-0.8838841513431799,-0.8838841513431799,-0.8838841513431799,-0.8838841513431799,4.419420756715896,110.8,6.318968113746434,1.791759469228055,1394.0,1399.0,1396.5,5.0,5.0,0.0,1.0,1.0,0.0,0.0,0.0,1.0,0.0,1.0,101.0,0.0,-0.0,1.0,Limestone,110.8,110.8,LBK,BRF,15.0,0.0,0.0,0.0,0.0,15.0,0.0,4.876800000000003,33.0,18.3249,4.321899999999999,,,,,,,,,1.0,,,,,train
65,OGN-039,Matrix Acidizing 15% HCl,60,0,0,40,0,0,279,669,Lap. A0 (1517-1522 mMD),1517-1522,5.0,1.397849462,OGN-039,390,1.3978494623655915,3.655915570277557e-10,high_gain,100,kept,3.2640839288852117,-1.5317066167115296,-1.5317066167115296,2.8627425379609095,-1.5317066167115296,-1.5317066167115296,55.8,5.634789603169249,1.791759469228055,1517.0,1522.0,1519.5,5.0,5.0,0.0,1.0,1.0,0.0,0.6,0.4,0.0,0.0,1.4878048780487803,0.009900990099009901,0.19999999999999996,0.6730116670092565,2.0,Sandstone,55.8,55.8,OGN,A,15.0,0.0,0.0,0.0,0.0,0.0,0.0,,,,,,,,,,,,,,,,,,train
66,OGN-049,Matrix Acidizing 15% HCl,61,0,0,39,0,0,1133,1406,Lap. A (1174.5-1178.6 m); (1199-1202 m),1174.5-1178.6;1199-1202,7.1,0.240953222,OGN-049,273,0.2409532215357458,4.6425419064632933e-10,low_gain,100,kept,3.281912320732511,-1.5302720346399066,-1.5302720346399066,2.839175817827115,-1.5302720346399066,-1.5302720346399066,159.5774647887324,7.033506484287697,2.0918640616783932,1174.5,1202.0,1188.25,27.5,7.099999999999909,20.40000000000009,2.0,0.25818181818181485,9.059419880941277e-14,0.61,0.39,0.0,0.0,1.5499999999999998,0.009900990099009901,0.21999999999999997,0.6687480868518094,2.0,Sandstone,159.57746478873443,41.2,OGN,A,15.0,0.0,0.0,0.0,0.0,0.0,0.0,,,,,,,,,,,,,,,,,,train
67,GNK-098,Matrix Acidizing 15% HCl,60,0,0,40,0,0,216,221,Lap. D1 (1618-1619.5 mMD),1618-1619.5,1.5,0.023148148,GNK-098,5,0.023148148148148147,1.4814814652819308e-10,low_gain,100,kept,3.2640839288852117,-1.5317066167115296,-1.5317066167115296,2.8627425379609095,-1.5317066167115296,-1.5317066167115296,144.0,5.37989735354046,0.9162907318741551,1618.0,1619.5,1618.75,1.5,1.5,0.0,1.0,1.0,0.0,0.6,0.4,0.0,0.0,1.4878048780487803,0.009900990099009901,0.19999999999999996,0.6730116670092565,2.0,Sandstone,144.0,144.0,GNK,D,15.0,0.0,0.0,0.0,0.0,0.0,0.0,,,,,,,,,,,,,,,,,,train
68,TLJ-230,Matrix Acidizing 15% HCl,80,0,0,20,0,0,2494,2713,Lap. F (1393-1396 mMD),1393-1400,7.0,0.087810746,TLJ-230,219,0.08781074578989576,2.101042395619146e-10,low_gain,100,kept,3.6155749597030016,-1.4658294052814616,-1.4658294052814616,2.2477426614228464,-1.4658294052814616,-1.4658294052814616,356.2857142857143,7.822044008185619,2.0794415416798357,1393.0,1400.0,1396.5,7.0,7.0,0.0,1.0,1.0,0.0,0.8,0.2,0.0,0.0,3.857142857142857,0.009900990099009901,0.6000000000000001,0.5004024235381879,2.0,Sandstone,356.2857142857143,356.2857142857143,TLJ,F,15.0,0.0,0.0,0.0,0.0,0.0,0.0,6.857999999999947,46.0,,,,,,,,,,,0.0,,,,,train
69,OGN-043,Matrix Acidizing 15% HCl,60,0,0,40,0,0,180,188,Lap. A0 (1270-1272 m); (1274-1276 m); (1277-1280.5 m); Lap. A01 Low (1291-1293 m); Lap. A03B (1298-1300.5 m),1270-1305,35.0,0.044444444,OGN-043,8,0.044444444444444446,4.4444444652347315e-10,low_gain,100,kept,3.2640839288852117,-1.5317066167115296,-1.5317066167115296,2.8627425379609095,-1.5317066167115296,-1.5317066167115296,5.142857142857143,5.198497031265826,3.58351893845611,1270.0,1305.0,1287.5,35.0,35.0,0.0,1.0,1.0,0.0,0.6,0.4,0.0,0.0,1.4878048780487803,0.009900990099009901,0.19999999999999996,0.6730116670092565,2.0,Sandstone,5.142857142857143,5.142857142857143,OGN,MULTI,15.0,0.0,0.0,0.0,0.0,0.0,0.0,34.74720000000002,229.0,,,,,,,,,,,0.0,,,,,train
70,OGN-037,Matrix Acidizing 15% HCl,67,33,0,0,0,0,523,589,Lap. A0 (1342.5-1344 m); (1346-1347.5 m) & Lap. A01 (1349-1350 m),1342.5-1350,7.5,0.126195029,OGN-037,66,0.12619502868068833,3.193116604460755e-10,low_gain,100,kept,3.3869468788001966,2.686364719752733,-1.518327899638233,-1.518327899638233,-1.518327899638233,-1.518327899638233,69.73333333333333,6.261491684321042,2.1400661634962708,1342.5,1350.0,1346.25,7.5,7.5,0.0,1.0,1.0,0.0,0.67,0.33,0.0,0.0,2.0,0.009900990099009901,0.34,0.6341786357122057,2.0,Sandstone,69.73333333333333,69.73333333333333,OGN,A,15.0,0.0,0.0,0.0,0.0,0.0,0.0,,,,,,,,,,,,,,,,,,validation
71,L5A-024,Matrix Acidizing 15% HCl,0,0,0,50,10,40,893,1252,Lay. X0 (1584-1586) & X1 (1593-1594) mMD,1584-1586;1593-1594,3.0,0.402015677,L5A-024,359,0.40201567749160133,4.916013152111987e-10,low_gain,100,kept,-2.0090153515395204,-2.0090153515395204,-2.0090153515395204,2.6061051653017393,1.0355070861839026,2.3854338031329183,297.6666666666667,6.795705775173514,1.3862943611198906,1584.0,1594.0,1589.0,10.0,3.0,7.0,2.0,0.3,0.0,0.0,0.5,0.4,0.1,0.0196078431372549,0.803921568627451,-0.5,0.9433483923290392,3.0,Shale,297.6666666666667,89.3,L5A,X,15.0,0.0,0.0,0.0,0.0,6.0,0.0,9.906000000000176,20.0,152.68345,13.28400000000002,,,,,,,,,1.0,,,,,train
72,BEL-029,Matrix Acidizing 15% HCl,63,0,0,37,0,0,203,545,Lay. R7 (1497-1499) & R8 (1507-1508.5) m,1497-1499; 1507-1508.5,3.5,1.684729064,BEL-029,342,1.6847290640394088,3.940869852669948e-11,high_gain,100,kept,3.3172412197927748,-1.5269458666658164,-1.5269458666658164,2.790542246870494,-1.5269458666658164,-1.5269458666658164,58.0,5.318119993844216,1.5040773967762742,1497.0,1508.5,1502.75,11.5,3.5,8.0,2.0,0.30434782608695654,0.0,0.63,0.37,0.0,0.0,1.6842105263157894,0.009900990099009901,0.26,0.6589556806830628,2.0,Sandstone,58.0,17.652173913043477,BEL,R,15.0,0.0,0.0,0.0,0.0,0.0,0.0,11.429999999999836,23.0,,,0.0673,0.0329,,,,0.603,0.2055,0.32034285469132934,4.0,0.0267181,0.008558952425928407,1.1211999914196527,0.1645,train
73,BEL-030,Matrix Acidizing 15% HCl,12,0,0,76,0,12,79,82,Lay. R3 (1417-1420) mMD,1417-1420;,3.0,0.037974684,BEL-030,3,0.0379746835443038,4.5569620299446e-10,low_gain,100,kept,1.3075108963467286,-1.9113649285214724,-1.9113649285214724,3.1190729928709633,-1.9113649285214724,1.3075108963467286,26.333333333333332,4.382026634673881,1.3862943611198906,1417.0,1420.0,1418.5,3.0,3.0,0.0,1.0,1.0,0.0,0.12,0.76,0.12,0.0,0.16883116883116883,0.14606741573033707,-0.64,0.7174352514213597,3.0,Shale,26.333333333333332,26.333333333333332,BEL,R,15.0,0.0,0.0,0.0,0.0,1.7999999999999998,0.0,2.743199999999888,19.0,,,0.0556,0.018799999999999997,,,,0.9848,0.0651,0.3466347090443171,4.0,0.0008451199999999994,0.00029294792530753307,1.0399041271329512,0.6949,validation
74,BEL-028,Matrix Acidizing 15% HCl,67,17,0,17,0,0,99,270,Lay. R4 (1509-1511) & R5 (1517-1521) m,1509-1511; 1517-1521,6.0,1.727272727,BEL-028,171,1.7272727272727273,2.7272739622219433e-10,high_gain,101,kept,2.902612961535554,1.552686244586538,-2.002661816902876,1.552686244586538,-2.002661816902876,-2.002661816902876,16.5,4.605170185988092,1.9459101490553132,1509.0,1521.0,1515.0,12.0,6.0,6.0,2.0,0.5,0.0,0.6633663366336634,0.33663366336633666,0.0,0.0,1.9425878320479864,0.009900990099009901,0.32673267326732675,0.8721139901372389,3.0,Sandstone,16.5,8.25,BEL,R,15.0,0.0,0.0,0.0,0.0,0.0,0.0,11.73479999999995,39.0,,,0.057999999999999996,0.03647500000000001,,,,1.0,0.1773,0.13120368561534443,4.0,0.0,0.0,0.7872221136920665,0.15933366336633664,train
75,BEL-029,Matrix Acidizing 15% HCl,53,0,0,48,0,0,99,120,Lay. R7 (1497-1499) & R8 (1507-1508.5) m,1497-1499; 1507-1508.5,3.5,0.212121212,BEL-029,21,0.21212121212121213,1.2121212367155465e-10,low_gain,101,kept,3.1315721989676915,-1.5412566354942148,-1.5412566354942148,3.033454343009168,-1.5412566354942148,-1.5412566354942148,28.285714285714285,4.605170185988092,1.5040773967762742,1497.0,1508.5,1502.75,11.5,3.5,8.0,2.0,0.30434782608695654,0.0,0.5247524752475248,0.4752475247524752,0.0,0.0,1.1020199959192003,0.009900990099009901,0.04950495049504955,0.6919213094962968,2.0,Sandstone,28.285714285714285,8.608695652173912,BEL,R,15.0,0.0,0.0,0.0,0.0,0.0,0.0,11.429999999999836,23.0,,,0.0673,0.0329,,,,0.603,0.2055,0.32034285469132934,4.0,0.0267181,0.008558952425928407,1.1211999914196527,0.2697475247524752,train
78,TMB-011,Matrix Acidizing 15% HCl,73,11,0,16,0,0,76,121,Lay. A6 (1422.5-1426) m,1422.5-1426;,3.5,0.592105263,TMB-011,45,0.5921052631578947,1.5789469731686268e-10,low_gain,100,kept,3.0533601927496754,1.198421821900089,-1.937072394029061,1.5594351674374194,-1.937072394029061,-1.937072394029061,21.714285714285715,4.343805421853684,1.5040773967762742,1422.5,1426.0,1424.25,3.5,3.5,0.0,1.0,1.0,0.0,0.73,0.27,0.0,0.0,2.642857142857143,0.009900990099009901,0.45999999999999996,0.7657521183835801,3.0,Sandstone,21.714285714285715,21.714285714285715,TMB,A,15.0,0.0,0.0,0.0,0.0,0.0,0.0,,,,,,,,,,,,,,,,,,train
80,BEL-029,Matrix Acidizing 15% HCl,53,0,0,48,0,0,471,515,Lay. R7 (1497-1499) & R8 (1507-1508.5) m,1497-1499; 1507-1508.5,3.5,0.093418259,BEL-029,44,0.09341825902335456,2.3354554401500138e-11,low_gain,101,kept,3.1315721989676915,-1.5412566354942148,-1.5412566354942148,3.033454343009168,-1.5412566354942148,-1.5412566354942148,134.57142857142858,6.156978985585555,1.5040773967762742,1497.0,1508.5,1502.75,11.5,3.5,8.0,2.0,0.30434782608695654,0.0,0.5247524752475248,0.4752475247524752,0.0,0.0,1.1020199959192003,0.009900990099009901,0.04950495049504955,0.6919213094962968,2.0,Sandstone,134.57142857142858,40.95652173913044,BEL,R,15.0,0.0,0.0,0.0,0.0,0.0,0.0,11.429999999999836,23.0,,,0.0673,0.0329,,,,0.603,0.2055,0.32034285469132934,4.0,0.0267181,0.008558952425928407,1.1211999914196527,0.2697475247524752,train
81,L5A-053,Matrix Acidizing 15% HCl,72,0,0,28,0,0,94,128,Lay. S (1567-1572) mMD,1567-1572;,5.0,0.361702128,L5A-053,34,0.3617021276595745,3.4042552110591373e-10,low_gain,100,kept,3.4734362407113872,-1.5032975017091874,-1.5032975017091874,2.539753766125363,-1.5032975017091874,-1.5032975017091874,18.8,4.553876891600541,1.791759469228055,1567.0,1572.0,1569.5,5.0,5.0,0.0,1.0,1.0,0.0,0.72,0.28,0.0,0.0,2.5172413793103443,0.009900990099009901,0.43999999999999995,0.5929533174474745,2.0,Sandstone,18.8,18.8,L5A,S,15.0,0.0,0.0,0.0,0.0,0.0,0.0,,,,,,,,,,,,,,,,,,validation
82,TMB-008,Matrix Acidizing 15% HCl,70,0,30,0,0,0,378,849,Lay. D2 (1397-1398) mMD,1397-1398;,1.0,1.246031746,TMB-008,471,1.246031746031746,3.174593921073665e-11,high_gain,100,kept,3.438820931286255,-1.5099389590919134,2.600934905081398,-1.5099389590919134,-1.5099389590919134,-1.5099389590919134,378.0,5.937536205082426,0.6931471805599453,1397.0,1398.0,1397.5,1.0,1.0,0.0,1.0,1.0,0.0,0.7,0.3,0.0,0.0,2.290322580645161,0.009900990099009901,0.39999999999999997,0.6108643020548935,2.0,Sandstone,378.0,378.0,TMB,D,15.0,0.0,0.0,0.0,0.0,0.0,0.0,0.9143999999998869,7.0,,,,,,3.3474938164832095,88.09464,,,,2.0,,,,,train
83,PMB-017,Mud Acidizing 12% HCl : 3% HF,0,0,0,79,21,0,766,1956,R1 (1720-1723 mMD),1720-1723,3.0,1.553524804,PMB-017,1190,1.5535248041775458,1.775457558750304e-10,high_gain,100,kept,-1.471684052985633,-1.471684052985633,-1.471684052985633,3.5972201492345985,2.2895160627079294,-1.471684052985633,255.33333333333334,6.642486801367256,1.3862943611198906,1720.0,1723.0,1721.5,3.0,3.0,0.0,1.0,1.0,0.0,0.0,0.79,0.0,0.21,0.012499999999999999,0.012499999999999999,-0.79,0.5139566706172256,2.0,Shale,255.33333333333334,255.33333333333334,PMB,R,12.0,3.0,1.0,0.0,0.79,0.0,2.37,,,,,,,,,,,,,,,,,,test
84,OGN-014,Matrix Acidizing 15% HCl,0,0,5,10,0,85,239,924,Int. A0 (1137.7-1138.8 m; 1140-1141.5 m) ,1137.7-1141.5,3.8,2.866108787,OGN-014,685,2.8661087866108788,3.891211797224514e-10,high_gain,100,kept,-1.7640135445040754,-1.7640135445040754,0.6338817282942952,1.2805088932193476,-1.7640135445040754,3.3776500119985844,62.89473684210527,5.480638923341991,1.5686159179138452,1137.7,1141.5,1139.6,3.7999999999999545,3.7999999999999545,0.0,1.0,1.0,4.529709940470639e-14,0.0,0.15000000000000002,0.85,0.0,0.062499999999999986,5.374999999999999,-0.15000000000000002,0.5181862130502128,3.0,Limestone,62.89473684210601,62.89473684210601,OGN,A,15.0,0.0,0.0,0.0,0.0,12.75,0.0,3.657600000000002,25.0,41.5378,3.912400000000005,,,,,,,,,1.0,,,,,train
85,TMT-055,Mud Acidizing 12% HCl : 3% HF,65,0,0,35,0,0,190,306,Lay. B3 (1078-1084 m); B4 (1087-1088 m); (1094.5-1095.5 m); (1096.5-1097.5 m),1078-1097.5,19.5,0.610526316,TMT-055,116,0.6105263157894737,2.1052626308915023e-10,low_gain,100,kept,3.352217789827407,-1.5229795333737446,-1.5229795333737446,2.739700343667571,-1.5229795333737446,-1.5229795333737446,9.743589743589743,5.25227342804663,3.0204248861443626,1078.0,1097.5,1087.75,19.5,19.5,0.0,1.0,1.0,0.0,0.65,0.35,0.0,0.0,1.8333333333333335,0.009900990099009901,0.30000000000000004,0.6474466390346325,2.0,Sandstone,9.743589743589743,9.743589743589743,TMT,B,12.0,3.0,1.0,0.65,0.35,0.0,3.0,19.35480000000007,128.0,104.70689999999999,36.30237500000001,0.2434,0.058599999999999985,2.44095,1.7304694885882874,44.8531,,,,5.0,,,,,test
86,OGN-037,Matrix Acidizing 15% HCl,67,33,0,0,0,0,106,336,Lap. A0 (1342.5-1344 m); (1346-1347.5 m) & Lap. A01 (1349-1350 m),1342.5-1350,7.5,2.169811321,OGN-037,230,2.169811320754717,2.452829050980654e-10,high_gain,100,kept,3.3869468788001966,2.686364719752733,-1.518327899638233,-1.518327899638233,-1.518327899638233,-1.518327899638233,14.133333333333333,4.672828834461906,2.1400661634962708,1342.5,1350.0,1346.25,7.5,7.5,0.0,1.0,1.0,0.0,0.67,0.33,0.0,0.0,2.0,0.009900990099009901,0.34,0.6341786357122057,2.0,Sandstone,14.133333333333333,14.133333333333333,OGN,A,15.0,0.0,0.0,0.0,0.0,0.0,0.0,,,,,,,,,,,,,,,,,,validation
87,DWA-044,Matrix Acidizing 15% HCl,90,0,0,10,0,0,81,212,Lap. B (2011.80 – 2016.25) mMD,2011.80 - 2016.25,4.45,1.617283951,DWA-044,131,1.617283950617284,3.8271608104878396e-10,high_gain,100,kept,3.824660453100951,-1.373836578164875,-1.373836578164875,1.670685859558548,-1.373836578164875,-1.373836578164875,18.202247191011235,4.406719247264253,1.6956156086751528,2011.8,2016.25,2014.025,4.4500000000000455,4.4500000000000455,0.0,1.0,1.0,4.529709940470639e-14,0.9,0.1,0.0,0.0,8.272727272727273,0.009900990099009901,0.8,0.3250829733914482,2.0,Sandstone,18.20224719101105,18.20224719101105,DWA,B,15.0,0.0,0.0,0.0,0.0,0.0,0.0,,,,,,,,,,,,,,,,,,train
88,DWA-019,Matrix Acidizing 15% HCl,90,0,0,10,0,0,130,180,Lap. B (1997-1999) mMD,1997-1999;,2.0,0.384615385,DWA-019,50,0.38461538461538464,3.846153395770102e-10,low_gain,100,kept,3.824660453100951,-1.373836578164875,-1.373836578164875,1.670685859558548,-1.373836578164875,-1.373836578164875,65.0,4.875197323201151,1.0986122886681098,1997.0,1999.0,1998.0,2.0,2.0,0.0,1.0,1.0,0.0,0.9,0.1,0.0,0.0,8.272727272727273,0.009900990099009901,0.8,0.3250829733914482,2.0,Sandstone,65.0,65.0,DWA,B,15.0,0.0,0.0,0.0,0.0,0.0,0.0,,,,,,,,,,,,,,,,,,validation
89,BNG-050,Matrix Acidizing 15% HCl,40,0,0,60,0,0,78,182,Lap. TAF-Wa1 (2426-2430) m,2426-2430;,4.0,1.333333333,BNG-050,104,1.3333333333333333,3.33333360913457e-10,high_gain,100,kept,2.8627425379609095,-1.5317066167115296,-1.5317066167115296,3.2640839288852117,-1.5317066167115296,-1.5317066167115296,19.5,4.3694478524670215,1.6094379124341003,2426.0,2430.0,2428.0,4.0,4.0,0.0,1.0,1.0,0.0,0.4,0.6,0.0,0.0,0.6721311475409837,0.009900990099009901,-0.19999999999999996,0.6730116670092565,2.0,Shale,19.5,19.5,BNG,MULTI,15.0,0.0,0.0,0.0,0.0,0.0,0.0,,,,,,,,,,,,,,,,,,validation
91,RJA-083,Mud Acidizing 12% HCl : 3% HF,0,0,0,0,0,100,122,131,Lap. L (2194.0 - 2195.1) m,2194.0 - 2195.1,1.1,0.073770492,RJA-083,9,0.07377049180327869,1.967213059117512e-10,low_gain,100,kept,-0.8838841513431799,-0.8838841513431799,-0.8838841513431799,-0.8838841513431799,-0.8838841513431799,4.419420756715896,110.9090909090909,4.812184355372417,0.7419373447293773,2194.0,2195.1,2194.55,1.099999999999909,1.099999999999909,0.0,1.0,1.0,9.103828801926284e-14,0.0,0.0,1.0,0.0,1.0,101.0,0.0,-0.0,1.0,Limestone,110.90909090910007,110.90909090910007,RJA,L,12.0,3.0,1.0,0.0,0.0,12.0,0.0,,,,,,,,,,,,,,,,,,train
92,BNG-008,Mud Acidizing 12% HCl : 3% HF,80,0,0,20,0,0,87,158,Lap. Rd (2179-2181) m,2179-2181;,2.0,0.816091954,BNG-008,71,0.8160919540229885,2.2988499992493416e-11,high_gain,100,kept,3.6155749597030016,-1.4658294052814616,-1.4658294052814616,2.2477426614228464,-1.4658294052814616,-1.4658294052814616,43.5,4.477336814478207,1.0986122886681098,2179.0,2181.0,2180.0,2.0,2.0,0.0,1.0,1.0,0.0,0.8,0.2,0.0,0.0,3.857142857142857,0.009900990099009901,0.6000000000000001,0.5004024235381879,2.0,Sandstone,43.5,43.5,BNG,RD,12.0,3.0,1.0,0.8,0.2,0.0,3.0,1.9812000000001717,14.0,,,0.179575,0.05486250000000001,,,,0.36645,0.2676,,3.0,0.11376974125000001,,,0.0676,train
93,BNG-058,Mud Acidizing 12% HCl : 3% HF,75,0,0,25,0,0,579,711,Lap.Q2c (2230-2232) m,2230-2232;,2.0,0.227979275,BNG-058,132,0.22797927461139897,3.8860104023541453e-10,low_gain,100,kept,3.525762258558383,-1.4915175782565417,-1.4915175782565417,2.440308054467784,-1.4915175782565417,-1.4915175782565417,289.5,6.363028103540465,1.0986122886681098,2230.0,2232.0,2231.0,2.0,2.0,0.0,1.0,1.0,0.0,0.75,0.25,0.0,0.0,2.923076923076923,0.009900990099009901,0.5,0.5623351446188083,2.0,Sandstone,289.5,289.5,BNG,UNKNOWN,12.0,3.0,1.0,0.75,0.25,0.0,3.0,1.8288000000002285,13.0,33.01251,3.185419999999997,,,,,,,,,1.0,,,,,train
94,DWA-017,Mud Acidizing 12% HCl : 3% HF,55,0,0,35,10,0,1279,2174,Lap. A (1976.5 - 1979.9) m,1976.5 - 1979.9,3.4,0.699765442,DWA-017,895,0.6997654417513682,2.486317818295447e-10,low_gain,100,kept,2.706741448632822,-2.0027887526795123,-2.0027887526795123,2.259891124361803,1.0417336850439107,-2.0027887526795123,376.1764705882353,7.154615356913663,1.4816045409242156,1976.5,1979.9,1978.2,3.400000000000091,3.400000000000091,0.0,1.0,1.0,9.103828801926284e-14,0.55,0.35,0.0,0.1,1.5555555555555558,0.010989010989010988,0.20000000000000007,0.926506603289533,3.0,Sandstone,376.17647058822524,376.17647058822524,DWA,A,12.0,3.0,1.0,0.55,0.35,0.0,2.7,,,,,,,,,,,,,,,,,,train
95,SPA-024,Matrix Acidizing 15% HCl,0,0,0,0,0,100,1546,1678,Lap. BRF (2315-2320 mMD),2315-2320,5.0,0.08538163,SPA-024,132,0.08538163001293661,1.2936610116476288e-11,low_gain,100,kept,-0.8838841513431799,-0.8838841513431799,-0.8838841513431799,-0.8838841513431799,-0.8838841513431799,4.419420756715896,309.2,7.344072850573066,1.791759469228055,2315.0,2320.0,2317.5,5.0,5.0,0.0,1.0,1.0,0.0,0.0,0.0,1.0,0.0,1.0,101.0,0.0,-0.0,1.0,Limestone,309.2,309.2,SPA,BRF,15.0,0.0,0.0,0.0,0.0,15.0,0.0,4.876800000000003,33.0,,,,,,,,,,,0.0,,,,,train
96,SPA-019,Matrix Acidizing 15% HCl,85,0,0,15,0,0,2905,3924,Lap. BRF (2317-2321); (2349-2354) mMD,2317-2321;2349-2354,9.0,0.350774527,SPA-019,1019,0.35077452667814113,3.218588728870486e-10,low_gain,100,kept,3.7123884296713583,-1.4292751268313015,-1.4292751268313015,2.0047120776538447,-1.4292751268313015,-1.4292751268313015,322.77777777777777,7.974532844130228,2.302585092994046,2317.0,2354.0,2335.5,37.0,9.0,28.0,2.0,0.24324324324324326,0.0,0.85,0.15,0.0,0.0,5.375,0.009900990099009901,0.7,0.42270908780599087,2.0,Sandstone,322.77777777777777,78.51351351351352,SPA,BRF,15.0,0.0,0.0,0.0,0.0,0.0,0.0,36.88079999999991,59.0,32.2422,16.2422,0.19879,0.055605000000000016,2.34573,3.2669952879774766,,,,,4.0,,,,,train
97,SPA-006,Matrix Acidizing 15% HCl,20,0,0,10,0,70,1185,1623,Lap. BRF (2246-2252 mMD),2246-2252,6.0,0.369620253,SPA-006,438,0.369620253164557,1.6455697915418455e-10,low_gain,100,kept,1.7624296675699918,-1.9511423991343162,-1.9511423991343162,1.0933800385891068,-1.9511423991343162,2.9976174912438522,197.5,7.078341579557671,1.9459101490553132,2246.0,2252.0,2249.0,6.0,6.0,0.0,1.0,1.0,0.0,0.2,0.1,0.7,0.0,1.9090909090909092,2.2903225806451606,0.1,0.8018185525433373,3.0,Limestone,197.5,197.5,SPA,BRF,15.0,0.0,0.0,0.0,0.0,10.5,0.0,5.791200000000117,39.0,,,0.1737,0.06140000000000001,,,,0.2034,0.3786,2.8826195649223467,4.0,0.13836942,0.39886639727895745,17.29571738953408,0.27859999999999996,train
99,TAP-483,Matrix Acidizing 15% HCl,70,0,0,30,0,0,86,525,Lap. B (644-646 m),644-646,2.0,5.104651163,TAP-483,439,5.104651162790698,2.093019091375936e-10,high_gain,100,kept,3.438820931286255,-1.5099389590919134,-1.5099389590919134,2.600934905081398,-1.5099389590919134,-1.5099389590919134,43.0,4.465908118654584,1.0986122886681098,644.0,646.0,645.0,2.0,2.0,0.0,1.0,1.0,0.0,0.7,0.3,0.0,0.0,2.290322580645161,0.009900990099009901,0.39999999999999997,0.6108643020548935,2.0,Sandstone,43.0,43.0,TAP,B,15.0,0.0,0.0,0.0,0.0,0.0,0.0,2.0,9.0,32.476,21.151000000000003,,,,,,,,,1.0,,,,,train
100,TAP-485,Matrix Acidizing 15% HCl,70,0,0,30,0,0,595,1122,Lap. PQ (707-710 m),707-710,3.0,0.885714286,TAP-485,527,0.8857142857142857,2.8571434107504956e-10,high_gain,100,kept,3.438820931286255,-1.5099389590919134,-1.5099389590919134,2.600934905081398,-1.5099389590919134,-1.5099389590919134,198.33333333333334,6.39024066706535,1.3862943611198906,707.0,710.0,708.5,3.0,3.0,0.0,1.0,1.0,0.0,0.7,0.3,0.0,0.0,2.290322580645161,0.009900990099009901,0.39999999999999997,0.6108643020548935,2.0,Sandstone,198.33333333333334,198.33333333333334,TAP,PQ,15.0,0.0,0.0,0.0,0.0,0.0,0.0,,,,,,,,,,,,,,,,,,train
101,BKB-194,Mud Acidizing 12% HCl : 3% HF,100,0,0,0,0,0,146,289,Lap. 1st (426.7 - 429.8) m,426.7 - 429.8,3.1,0.979452055,BKB-194,143,0.9794520547945206,2.054794112638092e-10,high_gain,100,kept,4.419420756715896,-0.8838841513431799,-0.8838841513431799,-0.8838841513431799,-0.8838841513431799,-0.8838841513431799,47.096774193548384,4.990432586778736,1.410986973710262,426.7,429.8,428.25,3.1000000000000227,3.1000000000000227,0.0,1.0,1.0,2.2648549702353193e-14,1.0,0.0,0.0,0.0,101.0,0.009900990099009901,1.0,-0.0,1.0,Sandstone,47.09677419354804,47.09677419354804,BKB,UNKNOWN,12.0,3.0,1.0,1.0,0.0,0.0,3.0,,,,,,,,,,,,,,,,,,test
102,BKB-280,Matrix Acidizing 15% HCl,100,0,0,0,0,0,239,250,Lap. 1st (435-438 m),435-438,3.0,0.046025105,BKB-280,11,0.04602510460251046,3.9748953434282086e-10,low_gain,100,kept,4.419420756715896,-0.8838841513431799,-0.8838841513431799,-0.8838841513431799,-0.8838841513431799,-0.8838841513431799,79.66666666666667,5.480638923341991,1.3862943611198906,435.0,438.0,436.5,3.0,3.0,0.0,1.0,1.0,0.0,1.0,0.0,0.0,0.0,101.0,0.009900990099009901,1.0,-0.0,1.0,Sandstone,79.66666666666667,79.66666666666667,BKB,UNKNOWN,15.0,0.0,0.0,0.0,0.0,0.0,0.0,,,,,,,,,,,,,,,,,,train
103,TAP-486,Matrix Acidizing 15% HCl,70,0,0,30,0,0,596,722,Lap. MFS-A (1155-1158); (1161.5-1164.5) m,1155-1158-1164.5,3.0,0.211409396,TAP-486,126,0.21140939597315436,2.6845636824646135e-11,low_gain,100,kept,3.438820931286255,-1.5099389590919134,-1.5099389590919134,2.600934905081398,-1.5099389590919134,-1.5099389590919134,198.66666666666666,6.391917113392602,1.3862943611198906,1155.0,1158.0,1156.5,3.0,3.0,0.0,1.0,1.0,0.0,0.7,0.3,0.0,0.0,2.290322580645161,0.009900990099009901,0.39999999999999997,0.6108643020548935,2.0,Sandstone,198.66666666666666,198.66666666666666,TAP,MULTI,15.0,0.0,0.0,0.0,0.0,0.0,0.0,8.077199999999948,54.0,,,,,,,,,,,0.0,,,,,validation
104,TAP-345,Matrix Acidizing 15% HCl,70,0,0,30,0,0,506,1715,Lap. MFS-G & SB-G (782-810 m),782-810,28.0,2.389328063,TAP-345,1209,2.389328063241107,2.4110713425784525e-10,high_gain,100,kept,3.438820931286255,-1.5099389590919134,-1.5099389590919134,2.600934905081398,-1.5099389590919134,-1.5099389590919134,18.071428571428573,6.2285110035911835,3.367295829986474,782.0,810.0,796.0,28.0,28.0,0.0,1.0,1.0,0.0,0.7,0.3,0.0,0.0,2.290322580645161,0.009900990099009901,0.39999999999999997,0.6108643020548935,2.0,Sandstone,18.071428571428573,18.071428571428573,TAP,MULTI,15.0,0.0,0.0,0.0,0.0,0.0,0.0,28.0,113.0,,,,,,,,,,,0.0,,,,,train
105,TAP-484,Mud Acidizing 12% HCl : 3% HF,70,0,0,30,0,0,631,1771,Lap. A (646-648 m),646-648,2.0,1.806656101,TAP-484,1140,1.8066561014263074,4.2630743379845626e-10,high_gain,100,kept,3.438820931286255,-1.5099389590919134,-1.5099389590919134,2.600934905081398,-1.5099389590919134,-1.5099389590919134,315.5,6.448889394146858,1.0986122886681098,646.0,648.0,647.0,2.0,2.0,0.0,1.0,1.0,0.0,0.7,0.3,0.0,0.0,2.290322580645161,0.009900990099009901,0.39999999999999997,0.6108643020548935,2.0,Sandstone,315.5,315.5,TAP,A,12.0,3.0,1.0,0.7,0.3,0.0,3.0,2.0,21.0,59.181,36.558,0.139,0.122,2.381,,79.462,,,,4.0,,,,,train
107,BKT-057,Mud Acidizing 12% HCl : 3% HF,67,0,0,33,0,0,788,930,Lap. K2 (1285-1288 mMD),1285-1288,3.0,0.180203046,BKT-057,142,0.1802030456852792,3.1472080497252364e-10,low_gain,100,kept,3.3869468788001966,-1.518327899638233,-1.518327899638233,2.686364719752733,-1.518327899638233,-1.518327899638233,262.6666666666667,6.670766320845874,1.3862943611198906,1285.0,1288.0,1286.5,3.0,3.0,0.0,1.0,1.0,0.0,0.67,0.33,0.0,0.0,2.0,0.009900990099009901,0.34,0.6341786357122057,2.0,Sandstone,262.6666666666667,262.6666666666667,BKT,K,12.0,3.0,1.0,0.67,0.33,0.0,3.0,2.895599999999831,20.0,41.012135,12.617017500000003,0.18047000000000002,0.08849000000000001,,,,,,,2.0,,,,,train
108,PDP-075,Matrix Acidizing 15% HCl,30,0,0,70,0,0,535,644,Lap. SB-G (831-835 m),831-835,4.0,0.203738318,PDP-075,109,0.20373831775700935,2.4299065537469744e-10,low_gain,100,kept,2.600934905081398,-1.5099389590919134,-1.5099389590919134,3.438820931286255,-1.5099389590919134,-1.5099389590919134,133.75,6.284134161070802,1.6094379124341003,831.0,835.0,833.0,4.0,4.0,0.0,1.0,1.0,0.0,0.3,0.7,0.0,0.0,0.4366197183098592,0.009900990099009901,-0.39999999999999997,0.6108643020548935,2.0,Shale,133.75,133.75,PDP,MULTI,15.0,0.0,0.0,0.0,0.0,0.0,0.0,,,,,,,,,,,,,,,,,,train
109,JRK-256,Matrix Acidizing 15% HCl,80,0,0,20,0,0,271,682,Lap. 3rd (245.5.-247); (248.5-250.5) m,245.5-250.5,5.0,1.516605166,JRK-256,411,1.5166051660516606,5.166067573725286e-11,high_gain,100,kept,3.6155749597030016,-1.4658294052814616,-1.4658294052814616,2.2477426614228464,-1.4658294052814616,-1.4658294052814616,54.2,5.605802066295998,1.791759469228055,245.5,250.5,248.0,5.0,5.0,0.0,1.0,1.0,0.0,0.8,0.2,0.0,0.0,3.857142857142857,0.009900990099009901,0.6000000000000001,0.5004024235381879,2.0,Sandstone,54.2,54.2,JRK,UNKNOWN,15.0,0.0,0.0,0.0,0.0,0.0,0.0,,,,,,,,,,,,,,,,,,validation
110,JRK-253,Mud Acidizing 12% HCl : 3% HF,70,0,0,30,0,0,160,284,Lap. GUF (135-136.5); (140-141); (161-162); (166-167); (170.5-173) m,135-136;140-141;161-162;166-167;170.5-173,6.5,0.775,JRK-253,124,0.775,0.0,high_gain,100,kept,3.438820931286255,-1.5099389590919134,-1.5099389590919134,2.600934905081398,-1.5099389590919134,-1.5099389590919134,24.615384615384617,5.081404364984463,2.0149030205422647,135.0,173.0,154.0,38.0,6.5,31.5,5.0,0.17105263157894737,0.0,0.7,0.3,0.0,0.0,2.290322580645161,0.009900990099009901,0.39999999999999997,0.6108643020548935,2.0,Sandstone,24.615384615384617,4.2105263157894735,JRK,GUF,12.0,3.0,1.0,0.7,0.3,0.0,3.0,,,,,,,,,,,,,,,,,,test
111,TAP-403,Mud Acidizing 12% HCl : 3% HF,30,0,0,70,0,0,282,532,Lap. Au (774.76-776.29); (784.21-785.73) m,774-777;784-786,5.0,0.886524823,TAP-403,250,0.8865248226950354,3.049646091213276e-10,high_gain,100,kept,2.600934905081398,-1.5099389590919134,-1.5099389590919134,3.438820931286255,-1.5099389590919134,-1.5099389590919134,56.4,5.645446897643238,1.791759469228055,774.0,786.0,780.0,12.0,5.0,7.0,2.0,0.4166666666666667,0.0,0.3,0.7,0.0,0.0,0.4366197183098592,0.009900990099009901,-0.39999999999999997,0.6108643020548935,2.0,Shale,56.4,23.5,TAP,AU,12.0,3.0,1.0,0.3,0.7,0.0,3.0,,,,,,,,,,,,,,,,,,train
112,TAP-487,Matrix Acidizing 15% HCl,30,0,0,70,0,0,88,132,Lap. SB-G (862-863 m),862-863,1.0,0.5,TAP-487,44,0.5,0.0,low_gain,100,kept,2.600934905081398,-1.5099389590919134,-1.5099389590919134,3.438820931286255,-1.5099389590919134,-1.5099389590919134,88.0,4.48863636973214,0.6931471805599453,862.0,863.0,862.5,1.0,1.0,0.0,1.0,1.0,0.0,0.3,0.7,0.0,0.0,0.4366197183098592,0.009900990099009901,-0.39999999999999997,0.6108643020548935,2.0,Shale,88.0,88.0,TAP,MULTI,15.0,0.0,0.0,0.0,0.0,0.0,0.0,0.7619999999999436,6.0,91.96057,9.172002500000005,,,,,,,,,1.0,,,,,train
113,JRK-200,Matrix Acidizing 15% HCl,80,0,0,20,0,0,63,139,Lap. 7C (770-771.5 m); (853-855 m),770-771.5;853-855,3.5,1.206349206,JRK-200,76,1.2063492063492063,3.4920621949652286e-10,high_gain,100,kept,3.6155749597030016,-1.4658294052814616,-1.4658294052814616,2.2477426614228464,-1.4658294052814616,-1.4658294052814616,18.0,4.1588830833596715,1.5040773967762742,770.0,855.0,812.5,85.0,3.5,81.5,2.0,0.041176470588235294,0.0,0.8,0.2,0.0,0.0,3.857142857142857,0.009900990099009901,0.6000000000000001,0.5004024235381879,2.0,Sandstone,18.0,0.7411764705882353,JRK,UNKNOWN,15.0,0.0,0.0,0.0,0.0,0.0,0.0,84.88680000000011,23.0,106.9467,82.10220000000001,0.2395,0.02435000000000001,,,,,,,2.0,,,,,train
114,BKT-054,Matrix Acidizing 15% HCl,80,0,0,20,0,0,47,256,Lap. D (1272.5-1274 m),1272.5-1274 ,1.5,4.446808511,BKT-054,209,4.446808510638298,3.617026678170987e-10,high_gain,100,kept,3.6155749597030016,-1.4658294052814616,-1.4658294052814616,2.2477426614228464,-1.4658294052814616,-1.4658294052814616,31.333333333333332,3.871201010907891,0.9162907318741551,1272.5,1274.0,1273.25,1.5,1.5,0.0,1.0,1.0,0.0,0.8,0.2,0.0,0.0,3.857142857142857,0.009900990099009901,0.6000000000000001,0.5004024235381879,2.0,Sandstone,31.333333333333332,31.333333333333332,BKT,D,15.0,0.0,0.0,0.0,0.0,0.0,0.0,,,,,,,,,,,,,,,,,,train
